,file,start,end,marker,streak_start,streak_end
0,108_5.c3d,293,859,C7,839,859
1,148_2.c3d,51,409,RGT,51,86
2,80_5.c3d,281,580,LGT,580,580
3,146_2.c3d,189,601,RLE,189,221
4,146_2.c3d,189,601,RUL,189,195
5,171_5.c3d,207,553,LUL,538,553
6,48_2.c3d,258,700,LEP,700,700
7,48_2.c3d,258,700,LLE,698,700
8,48_2.c3d,258,700,LGT,694,700
9,150_2.c3d,106,560,C7,106,116
10,150_2.c3d,106,560,LLE,558,560
11,150_2.c3d,106,560,LGT,106,112
12,86_6.c3d,626,969,C7,967,969
13,86_6.c3d,626,969,RUL,948,969
14,157_9.c3d,1,796,RFM,699,796
15,157_9.c3d,1,796,LASIS,1,169
16,157_9.c3d,1,796,LASIS,595,796
17,157_9.c3d,1,796,RGT,1,135
18,157_9.c3d,1,796,RGT,721,796
19,157_9.c3d,1,796,RUL,1,103
20,157_9.c3d,1,796,RUL,672,796
21,157_9.c3d,1,796,LA,1,115
22,157_9.c3d,1,796,RLE,1,152
23,157_9.c3d,1,796,RLE,736,796
24,157_9.c3d,1,796,C7,1,152
25,157_9.c3d,1,796,C7,665,796
26,157_9.c3d,1,796,REP,1,72
27,157_9.c3d,1,796,REP,704,796
28,157_9.c3d,1,796,LCA,1,184
29,157_9.c3d,1,796,LCA,757,796
30,157_9.c3d,1,796,LEP,1,135
31,157_9.c3d,1,796,RPSIS,1,153
32,157_9.c3d,1,796,RPSIS,745,796
33,157_9.c3d,1,796,RA,1,77
34,157_9.c3d,1,796,RA,675,796
35,157_9.c3d,1,796,RASIS,1,169
36,157_9.c3d,1,796,RASIS,595,796
37,157_9.c3d,1,796,LFM,1,180
38,157_9.c3d,1,796,LFM,700,796
39,157_9.c3d,1,796,LPSIS,1,165
40,157_9.c3d,1,796,LUL,1,116
41,157_9.c3d,1,796,RCA,1,158
42,157_9.c3d,1,796,RCA,716,796
43,157_9.c3d,1,796,LGT,1,154
44,157_9.c3d,1,796,LGT,767,796
45,157_9.c3d,1,796,LLE,1,176
46,157_9.c3d,1,796,LLE,648,796
47,39_2.c3d,596,946,C7,941,946
48,95_7.c3d,23,458,RUL,23,68
49,90_6.c3d,634,1165,RGT,634,638
50,121_1.c3d,66,407,C7,383,407
51,23_5.c3d,213,1333,RLE,213,344
52,23_5.c3d,213,1333,RGT,213,306
53,127_2.c3d,203,478,RUL,203,204
54,44_1.c3d,235,709,C7,709,709
55,131_1.c3d,268,684,LASIS,268,268
56,131_1.c3d,268,684,RUL,268,270
57,131_1.c3d,268,684,RASIS,268,268
58,150_3.c3d,137,637,LASIS,633,637
59,150_3.c3d,137,637,RGT,137,148
60,150_3.c3d,137,637,RUL,137,139
61,150_3.c3d,137,637,RLE,137,156
62,150_3.c3d,137,637,RASIS,633,637
63,150_3.c3d,137,637,C7,137,144
64,124_2.c3d,268,875,LGT,872,875
65,22_4.c3d,529,1438,RUL,529,609
66,22_4.c3d,529,1438,LGT,529,547
67,10_3.c3d,738,1779,LGT,1771,1779
68,72_4.c3d,375,665,C7,662,665
69,25_2.c3d,375,805,RGT,805,805
70,25_2.c3d,375,805,RUL,798,805
71,34_6.c3d,1,853,RLE,1,32
72,34_6.c3d,1,853,LEP,846,853
73,34_6.c3d,1,853,RPSIS,1,89
74,34_6.c3d,1,853,RASIS,1,89
75,34_6.c3d,1,853,LPSIS,1,62
76,34_6.c3d,1,853,LUL,842,853
77,106_10.c3d,295,574,C7,295,295
78,92_2.c3d,271,765,RCA,764,765
79,104_5.c3d,136,584,C7,573,584
80,96_2.c3d,1,1052,LASIS,1,103
81,96_2.c3d,1,1052,LASIS,1002,1052
82,96_2.c3d,1,1052,LA,984,1052
83,96_2.c3d,1,1052,LFM,1,5
84,96_2.c3d,1,1052,LFM,1025,1052
85,96_2.c3d,1,1052,C7,984,1052
86,96_2.c3d,1,1052,RASIS,1,103
87,96_2.c3d,1,1052,RPSIS,1035,1052
88,96_2.c3d,1,1052,LEP,976,1052
89,96_2.c3d,1,1052,RLE,1,96
90,96_2.c3d,1,1052,LGT,963,1052
91,96_2.c3d,1,1052,LCA,1,16
92,96_2.c3d,1,1052,LCA,1040,1052
93,96_2.c3d,1,1052,LPSIS,1003,1052
94,96_2.c3d,1,1052,LUL,971,1052
95,96_2.c3d,1,1052,RCA,1,17
96,96_2.c3d,1,1052,LLE,1,16
97,96_2.c3d,1,1052,LLE,969,1052
98,136_4.c3d,355,930,LEP,355,358
99,136_4.c3d,355,930,LEP,918,930
100,136_4.c3d,355,930,C7,924,930
101,136_4.c3d,355,930,LA,924,930
102,67_3.c3d,87,468,C7,87,88
103,52_4.c3d,754,1071,RGT,921,1071
104,52_4.c3d,754,1071,LGT,870,1071
105,78_2.c3d,79,627,RFM,622,627
106,78_2.c3d,79,627,LASIS,622,627
107,78_2.c3d,79,627,RGT,622,627
108,78_2.c3d,79,627,RUL,622,627
109,78_2.c3d,79,627,RLE,622,627
110,78_2.c3d,79,627,LA,622,627
111,78_2.c3d,79,627,RPSIS,622,627
112,78_2.c3d,79,627,LUL,622,627
113,78_2.c3d,79,627,REP,622,627
114,78_2.c3d,79,627,LCA,622,627
115,78_2.c3d,79,627,LEP,622,627
116,78_2.c3d,79,627,LFM,622,627
117,78_2.c3d,79,627,RA,622,627
118,78_2.c3d,79,627,RASIS,622,627
119,78_2.c3d,79,627,LPSIS,622,627
120,78_2.c3d,79,627,C7,622,627
121,78_2.c3d,79,627,RCA,622,627
122,78_2.c3d,79,627,LGT,622,627
123,78_2.c3d,79,627,LLE,622,627
124,76_2.c3d,351,779,C7,351,351
125,169_4.c3d,100,739,RGT,100,104
126,60_2.c3d,279,828,RGT,826,828
127,149_3.c3d,80,616,LASIS,80,83
128,149_3.c3d,80,616,RASIS,80,83
129,56_3.c3d,200,637,RFM,636,637
130,56_3.c3d,200,637,LASIS,636,637
131,56_3.c3d,200,637,RGT,636,637
132,56_3.c3d,200,637,RUL,636,637
133,56_3.c3d,200,637,RLE,636,637
134,56_3.c3d,200,637,LA,636,637
135,56_3.c3d,200,637,RPSIS,636,637
136,56_3.c3d,200,637,LUL,636,637
137,56_3.c3d,200,637,REP,636,637
138,56_3.c3d,200,637,LCA,636,637
139,56_3.c3d,200,637,LEP,636,637
140,56_3.c3d,200,637,LFM,636,637
141,56_3.c3d,200,637,RA,636,637
142,56_3.c3d,200,637,RASIS,636,637
143,56_3.c3d,200,637,LPSIS,636,637
144,56_3.c3d,200,637,C7,636,637
145,56_3.c3d,200,637,RCA,636,637
146,56_3.c3d,200,637,LGT,636,637
147,56_3.c3d,200,637,LLE,636,637
148,121_6.c3d,168,495,C7,471,495
149,25_4.c3d,320,913,LLE,870,870
150,113_6.c3d,1,641,RFM,1,105
151,113_6.c3d,1,641,RFM,551,641
152,113_6.c3d,1,641,LASIS,1,111
153,113_6.c3d,1,641,LASIS,520,641
154,113_6.c3d,1,641,RGT,1,97
155,113_6.c3d,1,641,RGT,588,641
156,113_6.c3d,1,641,RUL,1,112
157,113_6.c3d,1,641,RUL,523,641
158,113_6.c3d,1,641,LA,1,43
159,113_6.c3d,1,641,LA,554,641
160,113_6.c3d,1,641,LFM,1,53
161,113_6.c3d,1,641,C7,1,60
162,113_6.c3d,1,641,C7,522,641
163,113_6.c3d,1,641,LGT,1,67
164,113_6.c3d,1,641,LGT,524,641
165,113_6.c3d,1,641,RASIS,1,111
166,113_6.c3d,1,641,RASIS,559,641
167,113_6.c3d,1,641,RCA,1,107
168,113_6.c3d,1,641,RCA,514,641
169,113_6.c3d,1,641,LEP,1,66
170,113_6.c3d,1,641,LEP,627,641
171,113_6.c3d,1,641,RPSIS,1,57
172,113_6.c3d,1,641,RPSIS,520,641
173,113_6.c3d,1,641,RA,1,21
174,113_6.c3d,1,641,RA,570,641
175,113_6.c3d,1,641,LCA,1,58
176,113_6.c3d,1,641,LCA,572,641
177,113_6.c3d,1,641,LPSIS,1,69
178,113_6.c3d,1,641,LPSIS,598,641
179,113_6.c3d,1,641,RLE,1,115
180,113_6.c3d,1,641,RLE,591,641
181,113_6.c3d,1,641,LUL,1,59
182,113_6.c3d,1,641,LUL,635,641
183,113_6.c3d,1,641,REP,1,73
184,113_6.c3d,1,641,REP,535,641
185,113_6.c3d,1,641,LLE,1,58
186,99_4.c3d,229,609,RPSIS,229,257
187,99_4.c3d,229,609,LPSIS,229,257
188,74_4.c3d,1,501,RLE,1,15
189,74_4.c3d,1,501,REP,1,41
190,74_4.c3d,1,501,RGT,1,20
191,74_4.c3d,1,501,RUL,1,23
192,74_4.c3d,1,501,RUL,454,501
193,111_5.c3d,274,763,C7,761,763
194,145_6.c3d,121,514,LASIS,121,127
195,145_6.c3d,121,514,LGT,121,133
196,145_6.c3d,121,514,RASIS,121,127
197,17_2.c3d,105,2466,LCA,105,500
198,137_7.c3d,413,726,LUL,712,726
199,88_4.c3d,327,742,LASIS,327,327
200,88_4.c3d,327,742,RASIS,327,327
201,34_5.c3d,1,753,RFM,446,753
202,34_5.c3d,1,753,LASIS,446,753
203,34_5.c3d,1,753,RGT,446,753
204,34_5.c3d,1,753,RUL,446,753
205,34_5.c3d,1,753,RLE,446,753
206,34_5.c3d,1,753,LA,446,753
207,34_5.c3d,1,753,RPSIS,446,753
208,34_5.c3d,1,753,C7,446,753
209,34_5.c3d,1,753,REP,446,753
210,34_5.c3d,1,753,LCA,446,753
211,34_5.c3d,1,753,LEP,446,753
212,34_5.c3d,1,753,LFM,446,753
213,34_5.c3d,1,753,RA,446,753
214,34_5.c3d,1,753,RASIS,446,753
215,34_5.c3d,1,753,LPSIS,446,753
216,34_5.c3d,1,753,LUL,442,753
217,34_5.c3d,1,753,RCA,446,753
218,34_5.c3d,1,753,LGT,446,753
219,34_5.c3d,1,753,LLE,446,753
220,31_3.c3d,836,2917,RGT,2908,2917
221,24_7.c3d,162,945,REP,162,183
222,46_4.c3d,197,581,LGT,581,581
223,53_1.c3d,278,615,LPSIS,614,615
224,53_1.c3d,278,615,RASIS,614,615
225,148_3.c3d,107,614,RPSIS,107,107
226,148_3.c3d,107,614,RASIS,107,107
227,121_5.c3d,123,480,C7,477,480
228,93_2.c3d,514,1179,REP,1175,1179
229,158_6.c3d,316,686,C7,658,686
230,22_1.c3d,297,1402,RGT,355,389
231,22_1.c3d,297,1402,RGT,391,393
232,22_1.c3d,297,1402,RGT,401,401
233,22_1.c3d,297,1402,RGT,403,405
234,22_1.c3d,297,1402,RGT,407,409
235,22_1.c3d,297,1402,RGT,525,536
236,22_1.c3d,297,1402,RGT,655,665
237,22_1.c3d,297,1402,RGT,687,691
238,22_1.c3d,297,1402,RGT,700,706
239,22_1.c3d,297,1402,RGT,725,726
240,22_1.c3d,297,1402,RGT,806,841
241,22_1.c3d,297,1402,RGT,901,1402
242,22_1.c3d,297,1402,RUL,297,419
243,22_1.c3d,297,1402,RUL,433,433
244,22_1.c3d,297,1402,RUL,444,444
245,22_1.c3d,297,1402,RUL,447,449
246,22_1.c3d,297,1402,RUL,454,454
247,22_1.c3d,297,1402,RUL,520,556
248,22_1.c3d,297,1402,RUL,559,560
249,22_1.c3d,297,1402,RUL,565,565
250,22_1.c3d,297,1402,RUL,577,582
251,22_1.c3d,297,1402,RUL,593,723
252,22_1.c3d,297,1402,RUL,753,1402
253,22_1.c3d,297,1402,LFM,1228,1402
254,22_1.c3d,297,1402,LCA,1222,1402
255,22_1.c3d,297,1402,RPSIS,1343,1402
256,22_1.c3d,297,1402,RA,1348,1402
257,22_1.c3d,297,1402,RASIS,1275,1402
258,22_1.c3d,297,1402,LPSIS,1275,1402
259,22_1.c3d,297,1402,C7,1298,1402
260,22_1.c3d,297,1402,RCA,1298,1402
261,22_1.c3d,297,1402,LGT,297,299
262,22_1.c3d,297,1402,LGT,673,673
263,22_1.c3d,297,1402,LGT,779,790
264,22_1.c3d,297,1402,LGT,917,1402
265,142_6.c3d,309,791,LASIS,309,326
266,142_6.c3d,309,791,RASIS,309,326
267,20_1.c3d,626,1262,LASIS,1186,1187
268,20_1.c3d,626,1262,LPSIS,1186,1187
269,110_6.c3d,203,844,C7,829,844
270,34_2.c3d,1,951,LASIS,920,951
271,34_2.c3d,1,951,RUL,1,46
272,34_2.c3d,1,951,RPSIS,1,93
273,34_2.c3d,1,951,REP,1,203
274,34_2.c3d,1,951,RLE,1,181
275,34_2.c3d,1,951,RASIS,1,93
276,34_2.c3d,1,951,RASIS,920,951
277,34_2.c3d,1,951,C7,1,31
278,34_2.c3d,1,951,LGT,944,951
279,29_1.c3d,1,1025,LASIS,1,151
280,29_1.c3d,1,1025,LASIS,633,1025
281,29_1.c3d,1,1025,RGT,1,155
282,29_1.c3d,1,1025,RUL,1,94
283,29_1.c3d,1,1025,LFM,1,130
284,29_1.c3d,1,1025,LUL,1,10
285,29_1.c3d,1,1025,RPSIS,1,151
286,29_1.c3d,1,1025,LLE,1,203
287,29_1.c3d,1,1025,LLE,488,1025
288,29_1.c3d,1,1025,RASIS,1,147
289,29_1.c3d,1,1025,RASIS,633,1025
290,29_1.c3d,1,1025,LPSIS,1,124
291,29_1.c3d,1,1025,RLE,1,185
292,29_1.c3d,1,1025,RLE,513,1025
293,29_1.c3d,1,1025,C7,1,144
294,29_1.c3d,1,1025,C7,1002,1025
295,29_1.c3d,1,1025,RCA,1,123
296,29_1.c3d,1,1025,LGT,1,146
297,29_1.c3d,1,1025,LGT,722,1025
298,177_2.c3d,99,722,RFM,718,722
299,177_2.c3d,99,722,LASIS,718,722
300,177_2.c3d,99,722,RGT,718,722
301,177_2.c3d,99,722,RUL,718,722
302,177_2.c3d,99,722,RLE,718,722
303,177_2.c3d,99,722,LA,718,722
304,177_2.c3d,99,722,RPSIS,718,722
305,177_2.c3d,99,722,LUL,718,722
306,177_2.c3d,99,722,REP,718,722
307,177_2.c3d,99,722,LCA,718,722
308,177_2.c3d,99,722,LEP,718,722
309,177_2.c3d,99,722,LFM,718,722
310,177_2.c3d,99,722,RA,718,722
311,177_2.c3d,99,722,RASIS,718,722
312,177_2.c3d,99,722,LPSIS,718,722
313,177_2.c3d,99,722,C7,718,722
314,177_2.c3d,99,722,RCA,99,137
315,177_2.c3d,99,722,RCA,718,722
316,177_2.c3d,99,722,LGT,718,722
317,177_2.c3d,99,722,LLE,718,722
318,173_10.c3d,145,775,C7,145,145
319,177_3.c3d,139,770,LEP,768,770
320,150_5.c3d,56,545,RGT,524,545
321,150_5.c3d,56,545,LPSIS,545,545
322,150_5.c3d,56,545,C7,56,85
323,150_5.c3d,56,545,LGT,520,545
324,150_5.c3d,56,545,LASIS,545,545
325,102_2.c3d,105,740,LASIS,105,190
326,102_2.c3d,105,740,LASIS,736,740
327,102_2.c3d,105,740,RGT,105,161
328,102_2.c3d,105,740,RGT,633,740
329,102_2.c3d,105,740,RUL,606,740
330,102_2.c3d,105,740,RPSIS,607,740
331,102_2.c3d,105,740,C7,604,740
332,102_2.c3d,105,740,REP,608,740
333,102_2.c3d,105,740,RASIS,105,190
334,102_2.c3d,105,740,LEP,105,130
335,102_2.c3d,105,740,LEP,699,740
336,102_2.c3d,105,740,LFM,719,740
337,102_2.c3d,105,740,RFM,105,125
338,102_2.c3d,105,740,RFM,730,740
339,102_2.c3d,105,740,LCA,105,118
340,102_2.c3d,105,740,LCA,660,740
341,102_2.c3d,105,740,LPSIS,607,740
342,102_2.c3d,105,740,LUL,105,108
343,102_2.c3d,105,740,LUL,683,740
344,102_2.c3d,105,740,RCA,612,740
345,102_2.c3d,105,740,LGT,105,137
346,102_2.c3d,105,740,LGT,584,740
347,102_2.c3d,105,740,LLE,105,166
348,102_2.c3d,105,740,LLE,657,740
349,73_1.c3d,214,766,C7,758,766
350,73_1.c3d,214,766,RGT,754,766
351,73_1.c3d,214,766,RCA,214,217
352,12_5.c3d,481,1466,RGT,1051,1051
353,84_6.c3d,135,560,REP,559,560
354,84_6.c3d,135,560,C7,560,560
355,68_3.c3d,220,1449,C7,220,1044
356,72_5.c3d,422,720,LUL,719,720
357,23_4.c3d,154,855,C7,833,855
358,23_4.c3d,154,855,LA,833,855
359,13_4.c3d,389,1819,LUL,1733,1819
360,135_2.c3d,183,533,LUL,529,533
361,157_8.c3d,1,741,LASIS,1,147
362,157_8.c3d,1,741,LASIS,542,741
363,157_8.c3d,1,741,RGT,1,84
364,157_8.c3d,1,741,RGT,592,741
365,157_8.c3d,1,741,RUL,1,42
366,157_8.c3d,1,741,RUL,543,741
367,157_8.c3d,1,741,LA,1,57
368,157_8.c3d,1,741,LA,605,741
369,157_8.c3d,1,741,LFM,1,94
370,157_8.c3d,1,741,LFM,514,741
371,157_8.c3d,1,741,C7,1,161
372,157_8.c3d,1,741,C7,548,741
373,157_8.c3d,1,741,REP,1,178
374,157_8.c3d,1,741,REP,553,741
375,157_8.c3d,1,741,RASIS,1,134
376,157_8.c3d,1,741,RASIS,559,741
377,157_8.c3d,1,741,RA,548,741
378,157_8.c3d,1,741,RPSIS,1,139
379,157_8.c3d,1,741,RPSIS,542,741
380,157_8.c3d,1,741,LEP,1,125
381,157_8.c3d,1,741,LEP,698,741
382,157_8.c3d,1,741,RLE,1,111
383,157_8.c3d,1,741,RLE,582,741
384,157_8.c3d,1,741,RFM,1,122
385,157_8.c3d,1,741,RFM,569,741
386,157_8.c3d,1,741,LCA,1,78
387,157_8.c3d,1,741,LCA,554,741
388,157_8.c3d,1,741,LPSIS,1,147
389,157_8.c3d,1,741,LPSIS,632,741
390,157_8.c3d,1,741,LUL,1,80
391,157_8.c3d,1,741,RCA,1,118
392,157_8.c3d,1,741,RCA,619,741
393,157_8.c3d,1,741,LGT,1,113
394,157_8.c3d,1,741,LGT,540,741
395,157_8.c3d,1,741,LLE,1,148
396,157_8.c3d,1,741,LLE,540,741
397,101_4.c3d,221,504,LLE,221,221
398,99_12.c3d,252,558,C7,252,254
399,117_1.c3d,347,665,LEP,658,665
400,117_1.c3d,347,665,C7,653,665
401,117_1.c3d,347,665,LLE,660,665
402,117_1.c3d,347,665,LGT,658,665
403,81_2.c3d,223,533,RUL,223,241
404,22_2.c3d,305,1745,RUL,305,618
405,22_2.c3d,305,1745,RUL,1705,1745
406,30_8.c3d,901,2569,LASIS,901,903
407,30_8.c3d,901,2569,RASIS,901,903
408,5_5.c3d,1,1723,LFM,1662,1723
409,77_4.c3d,156,485,LUL,461,485
410,3_5.c3d,1058,2675,C7,2669,2675
411,157_6.c3d,1,807,RFM,558,807
412,157_6.c3d,1,807,LASIS,1,93
413,157_6.c3d,1,807,LASIS,672,807
414,157_6.c3d,1,807,RGT,1,86
415,157_6.c3d,1,807,RGT,677,807
416,157_6.c3d,1,807,RUL,1,134
417,157_6.c3d,1,807,RUL,760,807
418,157_6.c3d,1,807,LA,1,52
419,157_6.c3d,1,807,LA,752,807
420,157_6.c3d,1,807,RPSIS,1,102
421,157_6.c3d,1,807,LUL,706,807
422,157_6.c3d,1,807,LCA,1,139
423,157_6.c3d,1,807,LCA,732,807
424,157_6.c3d,1,807,RLE,1,136
425,157_6.c3d,1,807,RLE,597,807
426,157_6.c3d,1,807,LGT,1,69
427,157_6.c3d,1,807,LGT,716,807
428,157_6.c3d,1,807,RASIS,1,102
429,157_6.c3d,1,807,RASIS,672,807
430,157_6.c3d,1,807,LPSIS,1,99
431,157_6.c3d,1,807,LPSIS,740,807
432,157_6.c3d,1,807,C7,1,99
433,157_6.c3d,1,807,C7,717,807
434,157_6.c3d,1,807,RCA,1,122
435,157_6.c3d,1,807,LLE,1,97
436,157_6.c3d,1,807,LLE,764,807
437,157_6.c3d,1,807,LFM,728,807
438,124_4.c3d,56,649,LUL,647,649
439,124_4.c3d,56,649,C7,56,56
440,9_5.c3d,710,2675,REP,1245,2675
441,157_4.c3d,1,746,RFM,624,746
442,157_4.c3d,1,746,RLE,1,163
443,157_4.c3d,1,746,RGT,1,112
444,157_4.c3d,1,746,RGT,647,746
445,157_4.c3d,1,746,LEP,685,746
446,157_4.c3d,1,746,RUL,1,48
447,157_4.c3d,1,746,LA,1,52
448,157_4.c3d,1,746,LA,702,746
449,157_4.c3d,1,746,LFM,1,81
450,157_4.c3d,1,746,LFM,723,746
451,157_4.c3d,1,746,C7,1,78
452,157_4.c3d,1,746,C7,702,746
453,157_4.c3d,1,746,REP,1,53
454,157_4.c3d,1,746,RASIS,1,245
455,157_4.c3d,1,746,RASIS,627,746
456,157_4.c3d,1,746,LASIS,1,245
457,157_4.c3d,1,746,LASIS,627,746
458,157_4.c3d,1,746,RPSIS,1,100
459,157_4.c3d,1,746,RPSIS,684,746
460,157_4.c3d,1,746,RA,1,50
461,157_4.c3d,1,746,LCA,1,89
462,157_4.c3d,1,746,LCA,689,746
463,157_4.c3d,1,746,LPSIS,1,199
464,157_4.c3d,1,746,LPSIS,683,746
465,157_4.c3d,1,746,LUL,1,15
466,157_4.c3d,1,746,LUL,649,746
467,157_4.c3d,1,746,RCA,1,128
468,157_4.c3d,1,746,RCA,733,746
469,157_4.c3d,1,746,LGT,1,36
470,157_4.c3d,1,746,LGT,675,746
471,157_4.c3d,1,746,LLE,1,78
472,157_4.c3d,1,746,LLE,677,746
473,43_2.c3d,1,863,LUL,854,863
474,54_3.c3d,426,1105,RGT,426,615
475,173_7.c3d,212,568,C7,212,212
476,34_7.c3d,1,783,RFM,525,783
477,34_7.c3d,1,783,LASIS,490,783
478,34_7.c3d,1,783,RGT,525,783
479,34_7.c3d,1,783,RUL,525,783
480,34_7.c3d,1,783,RLE,525,783
481,34_7.c3d,1,783,LA,525,783
482,34_7.c3d,1,783,RPSIS,525,783
483,34_7.c3d,1,783,LUL,525,783
484,34_7.c3d,1,783,REP,525,783
485,34_7.c3d,1,783,LCA,525,783
486,34_7.c3d,1,783,LEP,525,783
487,34_7.c3d,1,783,LFM,525,783
488,34_7.c3d,1,783,LGT,465,783
489,34_7.c3d,1,783,RASIS,490,783
490,34_7.c3d,1,783,LPSIS,525,783
491,34_7.c3d,1,783,C7,525,783
492,34_7.c3d,1,783,RCA,525,783
493,34_7.c3d,1,783,LLE,481,783
494,34_7.c3d,1,783,RA,525,783
495,3_3.c3d,524,2087,C7,2042,2087
496,7_2.c3d,681,2397,RFM,681,681
497,86_5.c3d,154,667,RFM,154,266
498,86_5.c3d,154,667,LASIS,154,266
499,86_5.c3d,154,667,RGT,154,266
500,86_5.c3d,154,667,RUL,154,266
501,86_5.c3d,154,667,RLE,154,266
502,86_5.c3d,154,667,LA,154,266
503,86_5.c3d,154,667,RPSIS,154,266
504,86_5.c3d,154,667,LUL,154,266
505,86_5.c3d,154,667,REP,154,266
506,86_5.c3d,154,667,REP,667,667
507,86_5.c3d,154,667,LCA,154,266
508,86_5.c3d,154,667,LEP,154,266
509,86_5.c3d,154,667,LFM,154,266
510,86_5.c3d,154,667,RA,154,266
511,86_5.c3d,154,667,RASIS,154,266
512,86_5.c3d,154,667,LPSIS,154,266
513,86_5.c3d,154,667,C7,154,266
514,86_5.c3d,154,667,C7,664,667
515,86_5.c3d,154,667,RCA,154,266
516,86_5.c3d,154,667,LGT,154,266
517,86_5.c3d,154,667,LLE,154,266
518,27_3.c3d,188,601,C7,598,601
519,116_3.c3d,209,693,RCA,209,217
520,165_10.c3d,372,814,C7,814,814
521,66_1.c3d,204,637,RUL,636,637
522,138_2.c3d,654,1265,LUL,654,698
523,170_2.c3d,60,503,LUL,495,503
524,145_5.c3d,185,620,RPSIS,619,620
525,145_5.c3d,185,620,LPSIS,619,620
526,34_4.c3d,1,919,LASIS,867,919
527,34_4.c3d,1,919,RGT,807,919
528,34_4.c3d,1,919,RUL,878,919
529,34_4.c3d,1,919,LA,909,919
530,34_4.c3d,1,919,C7,840,919
531,34_4.c3d,1,919,LEP,885,919
532,34_4.c3d,1,919,RA,840,919
533,34_4.c3d,1,919,RASIS,867,919
534,34_4.c3d,1,919,LUL,777,919
535,68_2.c3d,684,1442,LUL,1432,1442
536,118_8.c3d,235,571,LASIS,571,571
537,118_8.c3d,235,571,RASIS,571,571
538,104_4.c3d,221,671,C7,664,671
539,12_1.c3d,1121,2471,RGT,1121,1312
540,34_3.c3d,1,988,LASIS,799,876
541,34_3.c3d,1,988,LASIS,882,988
542,34_3.c3d,1,988,RGT,84,84
543,34_3.c3d,1,988,RGT,94,97
544,34_3.c3d,1,988,RUL,34,47
545,34_3.c3d,1,988,RUL,855,868
546,34_3.c3d,1,988,RUL,891,894
547,34_3.c3d,1,988,REP,1,75
548,34_3.c3d,1,988,LEP,932,932
549,34_3.c3d,1,988,LEP,942,942
550,34_3.c3d,1,988,LEP,948,948
551,34_3.c3d,1,988,LEP,961,961
552,34_3.c3d,1,988,LEP,971,971
553,34_3.c3d,1,988,RASIS,789,790
554,34_3.c3d,1,988,RASIS,799,988
555,34_3.c3d,1,988,LPSIS,789,790
556,34_3.c3d,1,988,LPSIS,863,988
557,34_3.c3d,1,988,LUL,948,948
558,34_3.c3d,1,988,LUL,961,961
559,34_3.c3d,1,988,LGT,835,835
560,34_3.c3d,1,988,LGT,877,889
561,140_9.c3d,58,461,C7,58,58
562,26_4.c3d,233,494,LUL,490,494
563,30_3.c3d,669,1363,RUL,669,688
564,61_1.c3d,140,576,RUL,570,576
565,173_3.c3d,177,569,C7,177,177
566,107_6.c3d,33,398,RPSIS,33,42
567,107_6.c3d,33,398,RLE,33,57
568,107_6.c3d,33,398,C7,33,66
569,107_6.c3d,33,398,RASIS,33,42
570,62_4.c3d,260,678,LUL,675,678
571,157_10.c3d,1,576,LASIS,1,16
572,157_10.c3d,1,576,LASIS,503,576
573,157_10.c3d,1,576,RGT,1,87
574,157_10.c3d,1,576,RGT,547,576
575,157_10.c3d,1,576,RUL,1,42
576,157_10.c3d,1,576,RUL,520,576
577,157_10.c3d,1,576,LA,571,576
578,157_10.c3d,1,576,RLE,1,20
579,157_10.c3d,1,576,RLE,556,576
580,157_10.c3d,1,576,LUL,538,576
581,157_10.c3d,1,576,REP,1,54
582,157_10.c3d,1,576,RASIS,491,576
583,157_10.c3d,1,576,RA,574,576
584,157_10.c3d,1,576,RPSIS,1,69
585,157_10.c3d,1,576,LLE,540,576
586,157_10.c3d,1,576,RFM,530,576
587,157_10.c3d,1,576,LCA,440,576
588,157_10.c3d,1,576,LPSIS,1,69
589,157_10.c3d,1,576,LPSIS,491,576
590,157_10.c3d,1,576,C7,1,69
591,157_10.c3d,1,576,C7,533,576
592,157_10.c3d,1,576,RCA,1,13
593,157_10.c3d,1,576,LGT,525,576
594,157_10.c3d,1,576,LFM,493,576
595,87_5.c3d,231,775,RUL,773,775
596,134_5.c3d,166,595,RCA,166,166
597,26_7.c3d,271,663,C7,663,663
598,5_2.c3d,1,3553,RPSIS,1,10
599,5_2.c3d,1,3553,LASIS,3407,3553
600,5_2.c3d,1,3553,LPSIS,1,10
601,5_2.c3d,1,3553,C7,3477,3553
602,5_2.c3d,1,3553,RASIS,3407,3553
603,77_2.c3d,204,574,RCA,204,204
604,85_1.c3d,1,1138,RFM,1,225
605,85_1.c3d,1,1138,RFM,797,1138
606,85_1.c3d,1,1138,LASIS,1,200
607,85_1.c3d,1,1138,LASIS,857,1138
608,85_1.c3d,1,1138,RGT,1,234
609,85_1.c3d,1,1138,RGT,809,1138
610,85_1.c3d,1,1138,RUL,1,196
611,85_1.c3d,1,1138,RUL,821,1138
612,85_1.c3d,1,1138,LA,1,206
613,85_1.c3d,1,1138,LA,874,1138
614,85_1.c3d,1,1138,RPSIS,1,190
615,85_1.c3d,1,1138,RPSIS,761,1138
616,85_1.c3d,1,1138,LUL,1,224
617,85_1.c3d,1,1138,LUL,765,1138
618,85_1.c3d,1,1138,REP,1,193
619,85_1.c3d,1,1138,REP,815,1138
620,85_1.c3d,1,1138,LCA,1,248
621,85_1.c3d,1,1138,LCA,755,1138
622,85_1.c3d,1,1138,LEP,1,220
623,85_1.c3d,1,1138,LEP,779,1138
624,85_1.c3d,1,1138,LFM,1,194
625,85_1.c3d,1,1138,LFM,822,1138
626,85_1.c3d,1,1138,RA,1,181
627,85_1.c3d,1,1138,RA,803,1138
628,85_1.c3d,1,1138,RASIS,1,200
629,85_1.c3d,1,1138,RASIS,846,1138
630,85_1.c3d,1,1138,LGT,1,230
631,85_1.c3d,1,1138,LGT,788,1138
632,85_1.c3d,1,1138,LPSIS,1,188
633,85_1.c3d,1,1138,LPSIS,761,1138
634,85_1.c3d,1,1138,RLE,1,203
635,85_1.c3d,1,1138,RLE,824,1138
636,85_1.c3d,1,1138,C7,1,206
637,85_1.c3d,1,1138,C7,754,1138
638,85_1.c3d,1,1138,RCA,1,221
639,85_1.c3d,1,1138,RCA,860,1138
640,85_1.c3d,1,1138,LLE,1,225
641,85_1.c3d,1,1138,LLE,790,1138
642,162_5.c3d,1,451,C7,1,1
643,17_4.c3d,583,3122,RGT,583,585
644,74_2.c3d,71,436,RLE,71,73
645,74_2.c3d,71,436,RGT,71,71
646,170_1.c3d,256,806,C7,256,271
647,148_1.c3d,117,581,RUL,580,581
648,148_1.c3d,117,581,REP,581,581
649,148_1.c3d,117,581,C7,570,581
650,148_1.c3d,117,581,RA,570,581
651,148_1.c3d,117,581,LLE,576,581
652,159_3.c3d,1,923,RFM,854,923
653,159_3.c3d,1,923,LASIS,1,435
654,159_3.c3d,1,923,LASIS,891,923
655,159_3.c3d,1,923,RGT,1,430
656,159_3.c3d,1,923,RGT,895,923
657,159_3.c3d,1,923,C7,1,488
658,159_3.c3d,1,923,C7,891,923
659,159_3.c3d,1,923,RUL,1,331
660,159_3.c3d,1,923,RUL,893,923
661,159_3.c3d,1,923,LA,1,457
662,159_3.c3d,1,923,RLE,1,426
663,159_3.c3d,1,923,LGT,1,456
664,159_3.c3d,1,923,REP,1,278
665,159_3.c3d,1,923,LCA,1,454
666,159_3.c3d,1,923,LEP,1,443
667,159_3.c3d,1,923,RPSIS,1,458
668,159_3.c3d,1,923,RPSIS,896,923
669,159_3.c3d,1,923,RA,1,431
670,159_3.c3d,1,923,RASIS,1,442
671,159_3.c3d,1,923,RASIS,891,923
672,159_3.c3d,1,923,LPSIS,1,458
673,159_3.c3d,1,923,LUL,1,421
674,159_3.c3d,1,923,RCA,1,422
675,159_3.c3d,1,923,LLE,1,439
676,159_3.c3d,1,923,LFM,1,465
677,23_2.c3d,47,1241,C7,1232,1241
678,23_2.c3d,47,1241,LA,1232,1241
679,90_2.c3d,107,664,C7,107,107
680,79_2.c3d,164,512,RFM,510,512
681,86_3.c3d,430,755,C7,672,755
682,101_9.c3d,195,525,C7,525,525
683,101_9.c3d,195,525,LGT,195,202
684,149_1.c3d,1,615,LFM,1,1
685,149_1.c3d,1,615,LASIS,1,6
686,149_1.c3d,1,615,RGT,1,11
687,149_1.c3d,1,615,RCA,1,28
688,149_1.c3d,1,615,RASIS,1,6
689,109_6.c3d,270,635,C7,588,635
690,173_2.c3d,267,689,RFM,687,689
691,173_2.c3d,267,689,LASIS,687,689
692,173_2.c3d,267,689,RGT,687,689
693,173_2.c3d,267,689,RUL,687,689
694,173_2.c3d,267,689,RLE,687,689
695,173_2.c3d,267,689,LA,687,689
696,173_2.c3d,267,689,RPSIS,687,689
697,173_2.c3d,267,689,LUL,687,689
698,173_2.c3d,267,689,REP,687,689
699,173_2.c3d,267,689,LCA,687,689
700,173_2.c3d,267,689,LEP,687,689
701,173_2.c3d,267,689,LFM,687,689
702,173_2.c3d,267,689,RA,687,689
703,173_2.c3d,267,689,RASIS,687,689
704,173_2.c3d,267,689,LPSIS,687,689
705,173_2.c3d,267,689,C7,687,689
706,173_2.c3d,267,689,RCA,687,689
707,173_2.c3d,267,689,LGT,687,689
708,173_2.c3d,267,689,LLE,687,689
709,121_2.c3d,111,460,C7,428,460
710,9_2.c3d,986,3598,REP,1124,1156
711,55_1.c3d,527,1252,C7,527,532
712,113_2.c3d,269,671,LASIS,269,272
713,113_2.c3d,269,671,RASIS,269,272
714,13_5.c3d,815,2351,RUL,815,907
715,159_2.c3d,207,619,LFM,207,211
716,159_2.c3d,207,619,LFM,605,619
717,159_2.c3d,207,619,C7,207,207
718,159_2.c3d,207,619,LCA,207,210
719,70_6.c3d,235,616,LUL,235,235
720,76_1.c3d,352,695,RGT,352,360
721,74_5.c3d,27,343,LLE,329,343
722,16_7.c3d,364,763,C7,746,763
723,166_9.c3d,172,515,REP,515,515
724,63_1.c3d,123,580,C7,123,124
725,63_1.c3d,123,580,RA,123,124
726,63_1.c3d,123,580,RUL,579,580
727,104_2.c3d,234,688,LFM,674,688
728,104_2.c3d,234,688,C7,655,688
729,104_2.c3d,234,688,RGT,649,688
730,104_2.c3d,234,688,RUL,681,688
731,75_4.c3d,302,518,C7,518,518
732,121_4.c3d,142,509,C7,457,509
733,166_2.c3d,148,395,C7,395,395
734,88_5.c3d,341,771,LUL,721,771
735,137_6.c3d,243,588,LUL,563,588
736,120_4.c3d,282,1005,C7,1002,1005
737,120_4.c3d,282,1005,LA,1002,1005
738,122_2.c3d,210,786,C7,210,218
739,2_3.c3d,482,1408,LGT,1381,1408
740,153_1.c3d,199,513,REP,501,513
741,37_1.c3d,315,1098,RGT,1081,1098
742,149_5.c3d,122,749,RPSIS,719,749
743,149_5.c3d,122,749,LPSIS,719,749
744,149_5.c3d,122,749,C7,715,749
745,149_5.c3d,122,749,LGT,739,749
746,149_5.c3d,122,749,LLE,723,749
747,96_1.c3d,101,826,C7,826,826
748,96_1.c3d,101,826,RGT,802,826
749,157_5.c3d,1,1048,LASIS,1,335
750,157_5.c3d,1,1048,LASIS,848,1048
751,157_5.c3d,1,1048,RGT,1,396
752,157_5.c3d,1,1048,RGT,954,1048
753,157_5.c3d,1,1048,C7,1,411
754,157_5.c3d,1,1048,C7,904,1048
755,157_5.c3d,1,1048,RUL,1,374
756,157_5.c3d,1,1048,RUL,1005,1048
757,157_5.c3d,1,1048,LA,1,339
758,157_5.c3d,1,1048,LA,1007,1048
759,157_5.c3d,1,1048,RLE,1,369
760,157_5.c3d,1,1048,RLE,937,1048
761,157_5.c3d,1,1048,LGT,1,387
762,157_5.c3d,1,1048,LGT,923,1048
763,157_5.c3d,1,1048,REP,1,356
764,157_5.c3d,1,1048,REP,1012,1048
765,157_5.c3d,1,1048,RASIS,1,409
766,157_5.c3d,1,1048,RASIS,935,1048
767,157_5.c3d,1,1048,RPSIS,1,436
768,157_5.c3d,1,1048,RPSIS,898,1048
769,157_5.c3d,1,1048,LEP,1,330
770,157_5.c3d,1,1048,LEP,961,1048
771,157_5.c3d,1,1048,LFM,1,420
772,157_5.c3d,1,1048,LFM,885,1048
773,157_5.c3d,1,1048,LLE,1,335
774,157_5.c3d,1,1048,LLE,885,1048
775,157_5.c3d,1,1048,LCA,1,362
776,157_5.c3d,1,1048,LCA,831,1048
777,157_5.c3d,1,1048,LPSIS,1,436
778,157_5.c3d,1,1048,LPSIS,848,1048
779,157_5.c3d,1,1048,LUL,1,285
780,157_5.c3d,1,1048,LUL,923,1048
781,157_5.c3d,1,1048,RCA,1,382
782,157_5.c3d,1,1048,RCA,952,1048
783,157_5.c3d,1,1048,RFM,1,354
784,157_5.c3d,1,1048,RFM,823,1048
785,157_5.c3d,1,1048,RA,1,370
786,157_5.c3d,1,1048,RA,986,1048
787,124_1.c3d,181,564,C7,181,194
788,117_4.c3d,155,524,C7,524,524
789,133_3.c3d,1,508,LGT,485,508
790,31_2.c3d,1,1372,C7,1372,1372
791,9_3.c3d,1,3881,LFM,3877,3881
792,9_3.c3d,1,3881,LASIS,3859,3881
793,9_3.c3d,1,3881,RASIS,3859,3881
794,142_5.c3d,239,744,RPSIS,740,744
795,142_5.c3d,239,744,LPSIS,740,744
796,142_5.c3d,239,744,C7,737,744
797,107_1.c3d,189,560,RGT,189,204
798,164_3.c3d,197,619,LEP,618,619
799,155_1.c3d,144,517,LASIS,144,145
800,155_1.c3d,144,517,RASIS,144,145
801,24_3.c3d,296,759,RUL,727,759
802,108_3.c3d,113,622,RLE,113,125
803,108_3.c3d,113,622,LCA,113,117
804,135_3.c3d,177,595,REP,594,595
805,135_3.c3d,177,595,C7,590,595
806,96_5.c3d,1,1089,RFM,941,1089
807,96_5.c3d,1,1089,LASIS,1,196
808,96_5.c3d,1,1089,LASIS,856,1089
809,96_5.c3d,1,1089,RGT,898,1089
810,96_5.c3d,1,1089,RUL,913,1089
811,96_5.c3d,1,1089,LA,1,86
812,96_5.c3d,1,1089,LA,978,1089
813,96_5.c3d,1,1089,LFM,1,185
814,96_5.c3d,1,1089,LFM,872,1089
815,96_5.c3d,1,1089,LUL,1,74
816,96_5.c3d,1,1089,LUL,843,1089
817,96_5.c3d,1,1089,LGT,882,1089
818,96_5.c3d,1,1089,RASIS,1,196
819,96_5.c3d,1,1089,RASIS,879,1089
820,96_5.c3d,1,1089,RPSIS,891,1089
821,96_5.c3d,1,1089,REP,950,1089
822,96_5.c3d,1,1089,LEP,837,1089
823,96_5.c3d,1,1089,RLE,1,208
824,96_5.c3d,1,1089,RLE,926,1089
825,96_5.c3d,1,1089,RA,1,29
826,96_5.c3d,1,1089,RA,1051,1089
827,96_5.c3d,1,1089,LCA,1,5
828,96_5.c3d,1,1089,LCA,900,1089
829,96_5.c3d,1,1089,LPSIS,856,1089
830,96_5.c3d,1,1089,C7,1,86
831,96_5.c3d,1,1089,C7,867,1089
832,96_5.c3d,1,1089,RCA,1,71
833,96_5.c3d,1,1089,RCA,917,1089
834,96_5.c3d,1,1089,LLE,1,108
835,96_5.c3d,1,1089,LLE,847,1089
836,88_1.c3d,1,1204,RFM,1,187
837,88_1.c3d,1,1204,RFM,888,1204
838,88_1.c3d,1,1204,LASIS,1,297
839,88_1.c3d,1,1204,LASIS,829,1204
840,88_1.c3d,1,1204,RGT,1,203
841,88_1.c3d,1,1204,RGT,976,1204
842,88_1.c3d,1,1204,RUL,1,148
843,88_1.c3d,1,1204,RUL,874,1204
844,88_1.c3d,1,1204,LA,1,192
845,88_1.c3d,1,1204,LA,894,1204
846,88_1.c3d,1,1204,RLE,1,127
847,88_1.c3d,1,1204,RLE,902,1204
848,88_1.c3d,1,1204,LUL,1,323
849,88_1.c3d,1,1204,LUL,794,1204
850,88_1.c3d,1,1204,REP,1,161
851,88_1.c3d,1,1204,REP,831,1204
852,88_1.c3d,1,1204,RASIS,1,297
853,88_1.c3d,1,1204,RASIS,866,1204
854,88_1.c3d,1,1204,RPSIS,1,223
855,88_1.c3d,1,1204,RPSIS,809,1204
856,88_1.c3d,1,1204,LEP,1,194
857,88_1.c3d,1,1204,LEP,863,1204
858,88_1.c3d,1,1204,LFM,1,143
859,88_1.c3d,1,1204,LFM,851,1204
860,88_1.c3d,1,1204,RA,1,170
861,88_1.c3d,1,1204,RA,920,1204
862,88_1.c3d,1,1204,LCA,1,268
863,88_1.c3d,1,1204,LCA,871,1204
864,88_1.c3d,1,1204,LPSIS,1,209
865,88_1.c3d,1,1204,LPSIS,809,1204
866,88_1.c3d,1,1204,C7,1,213
867,88_1.c3d,1,1204,C7,804,1204
868,88_1.c3d,1,1204,RCA,1,201
869,88_1.c3d,1,1204,RCA,896,1204
870,88_1.c3d,1,1204,LGT,1,185
871,88_1.c3d,1,1204,LGT,898,1204
872,88_1.c3d,1,1204,LLE,1,193
873,88_1.c3d,1,1204,LLE,881,1204
874,172_6.c3d,209,650,LGT,209,210
875,172_8.c3d,338,769,RFM,766,769
876,172_8.c3d,338,769,LASIS,766,769
877,172_8.c3d,338,769,RGT,766,769
878,172_8.c3d,338,769,RUL,766,769
879,172_8.c3d,338,769,RLE,766,769
880,172_8.c3d,338,769,LA,766,769
881,172_8.c3d,338,769,RPSIS,766,769
882,172_8.c3d,338,769,LUL,766,769
883,172_8.c3d,338,769,REP,766,769
884,172_8.c3d,338,769,LCA,766,769
885,172_8.c3d,338,769,LEP,766,769
886,172_8.c3d,338,769,LFM,766,769
887,172_8.c3d,338,769,RA,766,769
888,172_8.c3d,338,769,RASIS,766,769
889,172_8.c3d,338,769,LPSIS,766,769
890,172_8.c3d,338,769,C7,766,769
891,172_8.c3d,338,769,RCA,766,769
892,172_8.c3d,338,769,LGT,766,769
893,172_8.c3d,338,769,LLE,766,769
894,74_3.c3d,55,400,RPSIS,55,56
895,74_3.c3d,55,400,LEP,395,400
896,74_3.c3d,55,400,LPSIS,55,56
897,74_3.c3d,55,400,C7,55,55
898,12_4.c3d,760,1485,RLE,760,792
899,43_3.c3d,212,835,RGT,212,214
900,113_4.c3d,1,724,RFM,1,208
901,113_4.c3d,1,724,RFM,578,724
902,113_4.c3d,1,724,RLE,1,208
903,113_4.c3d,1,724,RLE,597,724
904,113_4.c3d,1,724,LASIS,1,212
905,113_4.c3d,1,724,LASIS,619,724
906,113_4.c3d,1,724,RGT,1,216
907,113_4.c3d,1,724,RGT,595,724
908,113_4.c3d,1,724,RUL,1,218
909,113_4.c3d,1,724,RUL,603,724
910,113_4.c3d,1,724,LUL,1,204
911,113_4.c3d,1,724,LUL,582,724
912,113_4.c3d,1,724,LA,1,143
913,113_4.c3d,1,724,LA,609,724
914,113_4.c3d,1,724,RPSIS,1,149
915,113_4.c3d,1,724,RPSIS,603,724
916,113_4.c3d,1,724,LGT,1,161
917,113_4.c3d,1,724,LGT,602,724
918,113_4.c3d,1,724,REP,1,196
919,113_4.c3d,1,724,REP,615,724
920,113_4.c3d,1,724,RASIS,1,212
921,113_4.c3d,1,724,RASIS,603,724
922,113_4.c3d,1,724,LEP,1,161
923,113_4.c3d,1,724,LEP,664,724
924,113_4.c3d,1,724,LFM,1,156
925,113_4.c3d,1,724,RA,1,120
926,113_4.c3d,1,724,LCA,1,159
927,113_4.c3d,1,724,LCA,656,724
928,113_4.c3d,1,724,LPSIS,1,152
929,113_4.c3d,1,724,LPSIS,629,724
930,113_4.c3d,1,724,C7,1,172
931,113_4.c3d,1,724,C7,585,724
932,113_4.c3d,1,724,RCA,1,212
933,113_4.c3d,1,724,RCA,601,724
934,113_4.c3d,1,724,LLE,1,151
935,113_4.c3d,1,724,LLE,641,724
936,103_6.c3d,261,582,LPSIS,261,262
937,103_6.c3d,261,582,RASIS,261,262
938,100_1.c3d,174,514,LFM,174,176
939,9_6.c3d,101,2575,LFM,101,1319
940,143_1.c3d,29,495,LCA,29,30
941,74_1.c3d,107,667,RLE,107,119
942,74_1.c3d,107,667,LEP,107,137
943,74_1.c3d,107,667,C7,107,113
944,74_1.c3d,107,667,C7,662,667
945,83_4.c3d,48,1004,LCA,48,51
946,149_4.c3d,150,763,LASIS,749,763
947,149_4.c3d,150,763,RGT,741,763
948,149_4.c3d,150,763,LA,758,763
949,149_4.c3d,150,763,LFM,682,763
950,149_4.c3d,150,763,LEP,703,763
951,149_4.c3d,150,763,RPSIS,739,763
952,149_4.c3d,150,763,LLE,750,763
953,149_4.c3d,150,763,RASIS,739,763
954,149_4.c3d,150,763,LPSIS,743,763
955,149_4.c3d,150,763,C7,722,763
956,149_4.c3d,150,763,LGT,748,763
957,150_6.c3d,39,432,RPSIS,39,53
958,150_6.c3d,39,432,C7,39,62
959,150_6.c3d,39,432,LLE,418,432
960,150_6.c3d,39,432,LPSIS,39,53
961,150_6.c3d,39,432,LUL,415,432
962,150_6.c3d,39,432,LGT,423,432
963,60_4.c3d,222,741,LGT,740,741
964,101_6.c3d,241,634,RPSIS,619,634
965,101_6.c3d,241,634,LPSIS,619,634
966,133_4.c3d,1,354,LUL,352,354
967,133_4.c3d,1,354,C7,1,2
968,133_4.c3d,1,354,LGT,352,354
969,69_5.c3d,327,880,C7,855,880
970,173_8.c3d,25,800,LEP,25,26
971,173_8.c3d,25,800,C7,794,800
972,173_8.c3d,25,800,LCA,25,26
973,146_1.c3d,140,610,RGT,140,160
974,146_1.c3d,140,610,RGT,582,610
975,39_3.c3d,1,398,LEP,384,398
976,39_3.c3d,1,398,LGT,396,398
977,171_1.c3d,181,503,LUL,480,503
978,171_1.c3d,181,503,C7,477,503
979,171_1.c3d,181,503,LGT,493,503
980,10_2.c3d,1657,3193,LGT,1657,1660
981,165_5.c3d,339,804,LGT,339,575
982,23_3.c3d,434,1269,C7,434,434
983,77_7.c3d,237,753,RPSIS,752,753
984,77_7.c3d,237,753,LPSIS,752,753
985,77_7.c3d,237,753,C7,753,753
986,77_7.c3d,237,753,LCA,237,243
987,129_4.c3d,250,582,C7,580,582
988,44_2.c3d,478,923,C7,922,923
989,176_8.c3d,305,872,RUL,305,311
990,86_1.c3d,383,699,C7,696,699
991,58_5.c3d,211,606,C7,601,606
992,58_5.c3d,211,606,RGT,211,521
993,58_5.c3d,211,606,LUL,604,606
994,124_6.c3d,148,675,LUL,660,675
995,107_5.c3d,18,287,C7,18,19
996,127_1.c3d,124,419,LUL,419,419
997,10_1.c3d,1657,3193,LGT,1657,1660
998,157_1.c3d,1,884,LASIS,1,216
999,157_1.c3d,1,884,RGT,1,240
1000,157_1.c3d,1,884,RGT,787,884
1001,157_1.c3d,1,884,C7,1,180
1002,157_1.c3d,1,884,C7,719,884
1003,157_1.c3d,1,884,RUL,1,140
1004,157_1.c3d,1,884,LA,1,180
1005,157_1.c3d,1,884,RLE,1,168
1006,157_1.c3d,1,884,RLE,839,884
1007,157_1.c3d,1,884,LGT,1,169
1008,157_1.c3d,1,884,LGT,782,884
1009,157_1.c3d,1,884,REP,1,145
1010,157_1.c3d,1,884,REP,793,884
1011,157_1.c3d,1,884,RASIS,1,222
1012,157_1.c3d,1,884,RASIS,799,884
1013,157_1.c3d,1,884,RPSIS,1,217
1014,157_1.c3d,1,884,RPSIS,758,884
1015,157_1.c3d,1,884,LEP,1,166
1016,157_1.c3d,1,884,LFM,1,176
1017,157_1.c3d,1,884,RA,1,136
1018,157_1.c3d,1,884,LCA,1,169
1019,157_1.c3d,1,884,LCA,816,884
1020,157_1.c3d,1,884,LPSIS,1,222
1021,157_1.c3d,1,884,LPSIS,758,884
1022,157_1.c3d,1,884,LUL,1,162
1023,157_1.c3d,1,884,RCA,1,141
1024,157_1.c3d,1,884,RCA,758,884
1025,157_1.c3d,1,884,RFM,1,138
1026,157_1.c3d,1,884,LLE,1,141
1027,76_3.c3d,447,880,RGT,447,461
1028,48_3.c3d,203,678,RGT,677,678
1029,27_4.c3d,123,578,LUL,123,126
1030,172_4.c3d,235,676,LASIS,676,676
1031,172_4.c3d,235,676,LPSIS,676,676
1032,172_4.c3d,235,676,C7,676,676
1033,121_3.c3d,95,477,C7,471,477
1034,113_5.c3d,1,574,RFM,1,95
1035,113_5.c3d,1,574,RFM,493,574
1036,113_5.c3d,1,574,LASIS,1,82
1037,113_5.c3d,1,574,LASIS,488,574
1038,113_5.c3d,1,574,RGT,1,34
1039,113_5.c3d,1,574,RGT,519,574
1040,113_5.c3d,1,574,RUL,1,62
1041,113_5.c3d,1,574,RUL,525,574
1042,113_5.c3d,1,574,LA,524,574
1043,113_5.c3d,1,574,RLE,1,42
1044,113_5.c3d,1,574,RLE,491,574
1045,113_5.c3d,1,574,LUL,488,574
1046,113_5.c3d,1,574,REP,528,574
1047,113_5.c3d,1,574,RASIS,1,82
1048,113_5.c3d,1,574,RASIS,515,574
1049,113_5.c3d,1,574,RPSIS,488,574
1050,113_5.c3d,1,574,LEP,512,574
1051,113_5.c3d,1,574,LFM,1,50
1052,113_5.c3d,1,574,LFM,539,574
1053,113_5.c3d,1,574,LGT,1,74
1054,113_5.c3d,1,574,LGT,486,574
1055,113_5.c3d,1,574,LCA,1,55
1056,113_5.c3d,1,574,LCA,497,574
1057,113_5.c3d,1,574,LPSIS,499,574
1058,113_5.c3d,1,574,C7,487,574
1059,113_5.c3d,1,574,RCA,1,79
1060,113_5.c3d,1,574,RCA,492,574
1061,113_5.c3d,1,574,LLE,1,51
1062,113_5.c3d,1,574,LLE,485,574
1063,113_5.c3d,1,574,RA,520,574
1064,96_4.c3d,1,1082,LASIS,1,132
1065,96_4.c3d,1,1082,LASIS,960,1082
1066,96_4.c3d,1,1082,RGT,1,105
1067,96_4.c3d,1,1082,RGT,952,1082
1068,96_4.c3d,1,1082,RUL,1048,1082
1069,96_4.c3d,1,1082,RLE,1,134
1070,96_4.c3d,1,1082,RLE,1064,1082
1071,96_4.c3d,1,1082,LA,931,1082
1072,96_4.c3d,1,1082,RPSIS,1,3
1073,96_4.c3d,1,1082,RPSIS,979,1082
1074,96_4.c3d,1,1082,LUL,942,1082
1075,96_4.c3d,1,1082,LGT,943,1082
1076,96_4.c3d,1,1082,RASIS,1,132
1077,96_4.c3d,1,1082,RASIS,951,1082
1078,96_4.c3d,1,1082,REP,974,1082
1079,96_4.c3d,1,1082,LEP,983,1082
1080,96_4.c3d,1,1082,LFM,1,99
1081,96_4.c3d,1,1082,LFM,1000,1082
1082,96_4.c3d,1,1082,RA,1,139
1083,96_4.c3d,1,1082,RA,1044,1082
1084,96_4.c3d,1,1082,LCA,1,14
1085,96_4.c3d,1,1082,LCA,999,1082
1086,96_4.c3d,1,1082,LPSIS,951,1082
1087,96_4.c3d,1,1082,C7,1,139
1088,96_4.c3d,1,1082,C7,931,1082
1089,96_4.c3d,1,1082,RCA,1,96
1090,96_4.c3d,1,1082,RCA,1051,1082
1091,96_4.c3d,1,1082,LLE,1,79
1092,96_4.c3d,1,1082,LLE,931,1082
1093,51_1.c3d,139,530,RGT,139,141
1094,118_7.c3d,213,600,LCA,213,213
1095,72_7.c3d,444,786,LUL,776,786
1096,157_2.c3d,1,958,LASIS,1,62
1097,157_2.c3d,1,958,LASIS,706,958
1098,157_2.c3d,1,958,RGT,1,16
1099,157_2.c3d,1,958,RGT,734,958
1100,157_2.c3d,1,958,RUL,1,125
1101,157_2.c3d,1,958,RUL,753,958
1102,157_2.c3d,1,958,LA,1,21
1103,157_2.c3d,1,958,LA,812,958
1104,157_2.c3d,1,958,RLE,1,117
1105,157_2.c3d,1,958,RLE,779,958
1106,157_2.c3d,1,958,LUL,1,65
1107,157_2.c3d,1,958,LUL,776,958
1108,157_2.c3d,1,958,REP,811,958
1109,157_2.c3d,1,958,LCA,740,958
1110,157_2.c3d,1,958,RA,792,958
1111,157_2.c3d,1,958,LEP,799,958
1112,157_2.c3d,1,958,RPSIS,757,958
1113,157_2.c3d,1,958,RFM,1,87
1114,157_2.c3d,1,958,RFM,748,958
1115,157_2.c3d,1,958,RASIS,1,62
1116,157_2.c3d,1,958,RASIS,722,958
1117,157_2.c3d,1,958,LFM,799,958
1118,157_2.c3d,1,958,LPSIS,1,17
1119,157_2.c3d,1,958,LPSIS,706,958
1120,157_2.c3d,1,958,C7,1,21
1121,157_2.c3d,1,958,C7,736,958
1122,157_2.c3d,1,958,RCA,1,134
1123,157_2.c3d,1,958,RCA,767,958
1124,157_2.c3d,1,958,LGT,1,43
1125,157_2.c3d,1,958,LGT,740,958
1126,157_2.c3d,1,958,LLE,1,118
1127,157_2.c3d,1,958,LLE,763,958
1128,124_3.c3d,109,750,LUL,735,750
1129,86_2.c3d,576,915,RGT,915,915
1130,86_2.c3d,576,915,C7,915,915
1131,86_2.c3d,576,915,LCA,905,915
1132,44_3.c3d,350,782,C7,778,782
1133,98_6.c3d,166,795,REP,166,167
1134,77_1.c3d,130,610,LASIS,520,610
1135,77_1.c3d,130,610,RUL,514,610
1136,77_1.c3d,130,610,RPSIS,520,610
1137,77_1.c3d,130,610,C7,494,610
1138,77_1.c3d,130,610,LPSIS,543,610
1139,77_1.c3d,130,610,LUL,523,610
1140,60_5.c3d,280,759,LGT,737,759
1141,166_8.c3d,124,458,LASIS,124,136
1142,166_8.c3d,124,458,RASIS,124,136
1143,157_11.c3d,1,476,LASIS,318,476
1144,157_11.c3d,1,476,RUL,312,476
1145,157_11.c3d,1,476,LA,400,476
1146,157_11.c3d,1,476,LFM,413,476
1147,157_11.c3d,1,476,LUL,382,476
1148,157_11.c3d,1,476,LCA,372,476
1149,157_11.c3d,1,476,RPSIS,446,476
1150,157_11.c3d,1,476,LEP,446,476
1151,157_11.c3d,1,476,RLE,426,476
1152,157_11.c3d,1,476,LLE,410,476
1153,157_11.c3d,1,476,RFM,403,476
1154,157_11.c3d,1,476,RASIS,329,476
1155,157_11.c3d,1,476,LPSIS,318,476
1156,157_11.c3d,1,476,C7,313,476
1157,157_11.c3d,1,476,RCA,328,476
1158,157_11.c3d,1,476,LGT,376,476
1159,157_11.c3d,1,476,RA,404,476
1160,93_5.c3d,693,1676,LUL,1674,1676
1161,111_1.c3d,362,910,C7,910,910
1162,169_1.c3d,291,757,LASIS,756,757
1163,169_1.c3d,291,757,LPSIS,756,757
1164,151_2.c3d,281,694,LUL,693,694
1165,26_1.c3d,263,563,C7,563,563
1166,36_1.c3d,296,924,RUL,924,924
1167,2_4.c3d,543,1779,LFM,1740,1779
1168,2_4.c3d,543,1779,C7,1742,1779
1169,2_4.c3d,543,1779,RGT,543,544
1170,2_4.c3d,543,1779,RGT,1764,1779
1171,2_4.c3d,543,1779,LGT,543,593
1172,2_4.c3d,543,1779,LGT,1689,1779
1173,109_1.c3d,279,588,RPSIS,318,318
1174,109_1.c3d,279,588,RPSIS,339,342
1175,109_1.c3d,279,588,LPSIS,318,318
1176,109_1.c3d,279,588,LPSIS,339,342
1177,109_1.c3d,279,588,C7,305,347
1178,109_1.c3d,279,588,C7,459,479
1179,109_1.c3d,279,588,C7,488,499
1180,109_1.c3d,279,588,C7,512,516
1181,109_1.c3d,279,588,C7,519,519
1182,109_1.c3d,279,588,C7,553,553
1183,109_1.c3d,279,588,C7,555,556
1184,109_1.c3d,279,588,C7,558,558
1185,109_1.c3d,279,588,C7,560,560
1186,109_1.c3d,279,588,C7,562,562
1187,109_1.c3d,279,588,C7,564,564
1188,109_1.c3d,279,588,C7,566,567
1189,109_1.c3d,279,588,RFM,285,296
1190,109_1.c3d,279,588,RFM,299,302
1191,109_1.c3d,279,588,RFM,362,362
1192,158_3.c3d,270,560,C7,555,560
1193,144_4.c3d,203,878,LGT,877,878
1194,96_3.c3d,1,784,LASIS,716,784
1195,96_3.c3d,1,784,RGT,1,2
1196,96_3.c3d,1,784,RGT,707,784
1197,96_3.c3d,1,784,RPSIS,746,784
1198,96_3.c3d,1,784,LUL,690,784
1199,96_3.c3d,1,784,REP,755,784
1200,96_3.c3d,1,784,LCA,763,784
1201,96_3.c3d,1,784,LEP,775,784
1202,96_3.c3d,1,784,RASIS,755,784
1203,96_3.c3d,1,784,LPSIS,716,784
1204,96_3.c3d,1,784,C7,690,784
1205,96_3.c3d,1,784,LGT,1,1
1206,30_4.c3d,111,1023,LGT,1023,1023
1207,146_5.c3d,77,484,RLE,77,86
1208,113_3.c3d,161,562,RPSIS,161,172
1209,113_3.c3d,161,562,RPSIS,545,562
1210,113_3.c3d,161,562,LASIS,161,175
1211,113_3.c3d,161,562,LASIS,545,562
1212,113_3.c3d,161,562,LPSIS,161,175
1213,113_3.c3d,161,562,LPSIS,557,562
1214,113_3.c3d,161,562,C7,161,166
1215,113_3.c3d,161,562,C7,544,562
1216,113_3.c3d,161,562,LGT,537,562
1217,25_1.c3d,319,795,LEP,356,356
1218,25_1.c3d,319,795,LEP,696,696
1219,25_1.c3d,319,795,LEP,704,704
1220,25_1.c3d,319,795,C7,654,655
1221,25_1.c3d,319,795,C7,657,669
1222,25_1.c3d,319,795,C7,710,710
1223,25_1.c3d,319,795,C7,712,712
1224,25_1.c3d,319,795,C7,717,717
1225,25_1.c3d,319,795,C7,722,722
1226,25_1.c3d,319,795,RCA,784,787
1227,25_1.c3d,319,795,RUL,769,769
1228,25_1.c3d,319,795,RUL,790,791
1229,25_1.c3d,319,795,RUL,793,795
1230,89_8.c3d,133,1167,LASIS,133,145
1231,89_8.c3d,133,1167,LPSIS,1134,1167
1232,89_8.c3d,133,1167,C7,1134,1167
1233,89_8.c3d,133,1167,RASIS,133,145
1234,17_3.c3d,1,1685,C7,282,1685
1235,95_8.c3d,1,359,LUL,359,359
1236,98_2.c3d,355,942,C7,935,942
1237,98_2.c3d,355,942,LA,935,942
1238,63_2.c3d,150,581,LASIS,581,581
1239,63_2.c3d,150,581,RASIS,581,581
1240,107_4.c3d,174,458,RGT,174,184
1241,66_6.c3d,276,836,LUL,836,836
1242,166_1.c3d,328,646,C7,646,646
1243,2_1.c3d,536,1003,LASIS,995,1003
1244,2_1.c3d,536,1003,LPSIS,995,1003
1245,149_2.c3d,168,710,C7,708,710
1246,149_2.c3d,168,710,LGT,683,710
1247,149_2.c3d,168,710,LLE,673,710
1248,166_3.c3d,204,466,RPSIS,397,466
1249,166_3.c3d,204,466,LPSIS,397,466
1250,81_3.c3d,313,669,RPSIS,635,669
1251,81_3.c3d,313,669,LLE,658,669
1252,81_3.c3d,313,669,RASIS,635,669
1253,81_3.c3d,313,669,LPSIS,638,669
1254,81_3.c3d,313,669,C7,615,669
1255,81_3.c3d,313,669,RFM,659,669
1256,24_5.c3d,516,1069,RUL,516,524
1257,177_4.c3d,167,781,C7,778,781
1258,130_4.c3d,254,799,LEP,254,254
1259,130_4.c3d,254,799,LCA,254,275
1260,34_1.c3d,1,804,LASIS,762,804
1261,34_1.c3d,1,804,LA,794,804
1262,34_1.c3d,1,804,RPSIS,770,804
1263,34_1.c3d,1,804,LUL,804,804
1264,34_1.c3d,1,804,LLE,785,804
1265,34_1.c3d,1,804,RASIS,748,804
1266,34_1.c3d,1,804,LPSIS,748,804
1267,34_1.c3d,1,804,C7,763,804
1268,34_1.c3d,1,804,LGT,774,804
1269,26_2.c3d,231,606,LUL,606,606
1270,132_10.c3d,267,515,C7,267,268
1271,109_5.c3d,207,609,RLE,207,207
1272,93_6.c3d,593,1457,RUL,1436,1457
1273,150_4.c3d,129,590,RLE,129,164
1274,150_4.c3d,129,590,LASIS,590,590
1275,150_4.c3d,129,590,C7,129,145
1276,150_4.c3d,129,590,RASIS,590,590
1277,73_6.c3d,228,707,LUL,228,228
1278,126_7.c3d,178,608,LFM,599,608
1279,68_4.c3d,410,1365,LEP,410,414
1280,109_7.c3d,180,550,C7,549,550
1281,77_5.c3d,167,571,LUL,569,571
1282,159_4.c3d,1,720,LASIS,1,182
1283,159_4.c3d,1,720,LASIS,688,720
1284,159_4.c3d,1,720,RGT,1,294
1285,159_4.c3d,1,720,C7,1,288
1286,159_4.c3d,1,720,C7,678,720
1287,159_4.c3d,1,720,RUL,1,128
1288,159_4.c3d,1,720,RUL,675,720
1289,159_4.c3d,1,720,LA,1,207
1290,159_4.c3d,1,720,LA,678,720
1291,159_4.c3d,1,720,RLE,1,195
1292,159_4.c3d,1,720,RLE,719,720
1293,159_4.c3d,1,720,LGT,1,209
1294,159_4.c3d,1,720,LGT,702,720
1295,159_4.c3d,1,720,REP,1,107
1296,159_4.c3d,1,720,LCA,1,241
1297,159_4.c3d,1,720,LCA,693,720
1298,159_4.c3d,1,720,LEP,1,214
1299,159_4.c3d,1,720,LEP,686,720
1300,159_4.c3d,1,720,RPSIS,1,237
1301,159_4.c3d,1,720,RPSIS,688,720
1302,159_4.c3d,1,720,RA,1,187
1303,159_4.c3d,1,720,RA,711,720
1304,159_4.c3d,1,720,RASIS,1,188
1305,159_4.c3d,1,720,RASIS,720,720
1306,159_4.c3d,1,720,LFM,1,244
1307,159_4.c3d,1,720,LFM,671,720
1308,159_4.c3d,1,720,LPSIS,1,237
1309,159_4.c3d,1,720,LPSIS,702,720
1310,159_4.c3d,1,720,LUL,1,204
1311,159_4.c3d,1,720,LUL,681,720
1312,159_4.c3d,1,720,RCA,1,191
1313,159_4.c3d,1,720,RFM,1,192
1314,159_4.c3d,1,720,LLE,1,220
1315,159_4.c3d,1,720,LLE,682,720
1316,61_6.c3d,245,578,RGT,577,578
1317,135_5.c3d,165,578,RUL,561,578
1318,94_4.c3d,34,528,RUL,34,73
1319,149_7.c3d,58,483,LLE,478,483
1320,155_2.c3d,229,559,C7,559,559
1321,121_7.c3d,99,491,LFM,478,491
1322,121_7.c3d,99,491,C7,435,491
1323,168_2.c3d,106,663,RPSIS,106,111
1324,168_2.c3d,106,663,RASIS,106,111
1325,46_3.c3d,220,580,LUL,577,580
1326,46_3.c3d,220,580,RUL,565,580
1327,157_12.c3d,1,552,LASIS,1,75
1328,157_12.c3d,1,552,LASIS,528,552
1329,157_12.c3d,1,552,RGT,1,46
1330,157_12.c3d,1,552,RGT,530,552
1331,157_12.c3d,1,552,RUL,1,21
1332,157_12.c3d,1,552,LFM,1,4
1333,157_12.c3d,1,552,REP,1,30
1334,157_12.c3d,1,552,RASIS,1,41
1335,157_12.c3d,1,552,RASIS,528,552
1336,157_12.c3d,1,552,RPSIS,1,68
1337,157_12.c3d,1,552,LEP,1,3
1338,157_12.c3d,1,552,RLE,1,63
1339,157_12.c3d,1,552,RA,1,23
1340,157_12.c3d,1,552,LCA,1,6
1341,157_12.c3d,1,552,LPSIS,1,75
1342,157_12.c3d,1,552,LPSIS,542,552
1343,157_12.c3d,1,552,C7,1,95
1344,157_12.c3d,1,552,RCA,1,25
1345,51_4.c3d,81,416,RGT,81,85
1346,125_6.c3d,222,583,LFM,557,583
1347,125_6.c3d,222,583,LUL,582,583
1348,125_6.c3d,222,583,C7,575,583
1349,160_2.c3d,225,719,LGT,225,234
1350,142_1.c3d,241,715,LASIS,241,241
1351,142_1.c3d,241,715,RASIS,241,241
1352,105_2.c3d,294,672,RGT,294,297
1353,166_4.c3d,327,702,REP,695,702
1354,157_7.c3d,1,711,RFM,563,711
1355,157_7.c3d,1,711,LASIS,594,711
1356,157_7.c3d,1,711,RGT,1,81
1357,157_7.c3d,1,711,RGT,602,711
1358,157_7.c3d,1,711,RUL,1,73
1359,157_7.c3d,1,711,RUL,662,711
1360,157_7.c3d,1,711,LA,1,33
1361,157_7.c3d,1,711,LA,652,711
1362,157_7.c3d,1,711,RPSIS,1,117
1363,157_7.c3d,1,711,RPSIS,685,711
1364,157_7.c3d,1,711,C7,1,119
1365,157_7.c3d,1,711,C7,609,711
1366,157_7.c3d,1,711,REP,1,59
1367,157_7.c3d,1,711,REP,698,711
1368,157_7.c3d,1,711,RASIS,1,132
1369,157_7.c3d,1,711,RASIS,610,711
1370,157_7.c3d,1,711,LEP,1,9
1371,157_7.c3d,1,711,LEP,602,711
1372,157_7.c3d,1,711,LFM,622,711
1373,157_7.c3d,1,711,RA,1,18
1374,157_7.c3d,1,711,RA,706,711
1375,157_7.c3d,1,711,LCA,1,12
1376,157_7.c3d,1,711,LCA,637,711
1377,157_7.c3d,1,711,LPSIS,1,132
1378,157_7.c3d,1,711,LPSIS,594,711
1379,157_7.c3d,1,711,RLE,622,711
1380,157_7.c3d,1,711,LUL,1,15
1381,157_7.c3d,1,711,LUL,596,711
1382,157_7.c3d,1,711,RCA,1,29
1383,157_7.c3d,1,711,LGT,1,22
1384,157_7.c3d,1,711,LGT,587,711
1385,157_7.c3d,1,711,LLE,582,711
1386,22_3.c3d,1102,1812,RUL,1102,1146
1387,63_3.c3d,149,700,LASIS,694,700
1388,63_3.c3d,149,700,RASIS,694,700
1389,122_11.c3d,228,790,LASIS,788,790
1390,122_11.c3d,228,790,RASIS,788,790
1391,157_3.c3d,1,911,RFM,1,203
1392,157_3.c3d,1,911,RFM,821,911
1393,157_3.c3d,1,911,LASIS,1,195
1394,157_3.c3d,1,911,LASIS,788,911
1395,157_3.c3d,1,911,RGT,1,204
1396,157_3.c3d,1,911,RGT,744,911
1397,157_3.c3d,1,911,RUL,1,12
1398,157_3.c3d,1,911,RUL,802,911
1399,157_3.c3d,1,911,LA,1,99
1400,157_3.c3d,1,911,RPSIS,1,113
1401,157_3.c3d,1,911,RPSIS,724,911
1402,157_3.c3d,1,911,C7,1,115
1403,157_3.c3d,1,911,C7,707,911
1404,157_3.c3d,1,911,REP,1,67
1405,157_3.c3d,1,911,REP,791,911
1406,157_3.c3d,1,911,RASIS,1,195
1407,157_3.c3d,1,911,RASIS,785,911
1408,157_3.c3d,1,911,LEP,1,102
1409,157_3.c3d,1,911,LEP,850,911
1410,157_3.c3d,1,911,RLE,1,130
1411,157_3.c3d,1,911,RLE,783,911
1412,157_3.c3d,1,911,RA,1,65
1413,157_3.c3d,1,911,RA,798,911
1414,157_3.c3d,1,911,LCA,1,147
1415,157_3.c3d,1,911,LCA,809,911
1416,157_3.c3d,1,911,LFM,1,147
1417,157_3.c3d,1,911,LFM,802,911
1418,157_3.c3d,1,911,LPSIS,1,114
1419,157_3.c3d,1,911,LPSIS,724,911
1420,157_3.c3d,1,911,LUL,1,91
1421,157_3.c3d,1,911,RCA,1,186
1422,157_3.c3d,1,911,RCA,704,911
1423,157_3.c3d,1,911,LGT,1,76
1424,157_3.c3d,1,911,LGT,817,911
1425,157_3.c3d,1,911,LLE,1,101
1426,157_3.c3d,1,911,LLE,818,911
1427,133_7.c3d,54,453,RUL,54,61
1428,73_3.c3d,284,877,LUL,284,285
1429,19_1.c3d,220,773,RCA,220,223
1430,170_3.c3d,210,822,RGT,210,231
1431,93_4.c3d,781,2518,LUL,2444,2518
1432,93_4.c3d,781,2518,RGT,781,807
1433,93_4.c3d,781,2518,C7,2511,2518
1434,10_4.c3d,738,1779,LGT,1771,1779
